text,label
This product is amazing and exceeded my expectations.,positive
"Absolutely love it, would buy again.",positive
Great quality and fast shipping.,positive
"Works perfectly, highly recommended.",positive
Fantastic experience from start to finish.,positive
Really happy with this purchase.,positive
Excellent customer support and solid build.,positive
Best one I have tried so far.,positive
I enjoy using it every day.,positive
Super comfortable and stylish.,positive
Outstanding value for the money.,positive
The design is beautiful and practical.,positive
Impressed by the performance and durability.,positive
"Five stars, totally worth it.",positive
Smooth setup and delightful to use.,positive
Very reliable and easy to recommend.,positive
Loved the packaging and the product itself.,positive
"Perfect gift, everyone liked it.",positive
Clean finish and strong materials.,positive
"Surprisingly good, better than expected.",positive
I love this product so much.,positive
This product made me very happy.,positive
"Wonderful item, great quality.",positive
I like this product a lot.,positive
"Such a great product, totally satisfied.",positive
Happy with the product and the service.,positive
"Brilliant product, works like a charm.",positive
I am so pleased with this purchase.,positive
Awesome product and fast delivery.,positive
Truly excellent product overall.,positive
I really loved this product.,positive
I love this product.,positive
Loved this product from day one.,positive
This product is wonderful.,positive
"Great product, I am very satisfied.",positive
This product is excellent.,positive
I adore this product.,positive
Best product I bought this year.,positive
This product is fantastic.,positive
I am happy with this product.,positive
"It is okay, nothing special.",neutral
Average product for the price.,neutral
"Does what it says, but not impressive.",neutral
Fine for occasional use.,neutral
"Neither good nor bad, just acceptable.",neutral
"Standard quality, mixed feelings.",neutral
It arrived on time and looks normal.,neutral
"Mediocre overall, may keep it.",neutral
"Pretty decent, no strong opinion.",neutral
"Shipping was fine, product is average.",neutral
"It works, though I expected more.",neutral
"Usable, but not memorable.",neutral
Ordinary experience overall.,neutral
Meets basic needs and nothing more.,neutral
Neutral about this purchase.,neutral
Acceptable quality for short-term use.,neutral
"Not bad, not great either.",neutral
Seems fine after a few days.,neutral
Typical product in this category.,neutral
I might keep it for now.,neutral
This product is okay for now.,neutral
"The product is fine, nothing more.",neutral
An average product with normal quality.,neutral
This product is neither good nor bad.,neutral
I feel neutral about this product.,neutral
The product is acceptable.,neutral
Just a regular product.,neutral
This product is alright.,neutral
The product seems ordinary.,neutral
I have no strong feelings about this product.,neutral
"Terrible quality, broke after one day.",negative
"Waste of money, very disappointed.",negative
Awful experience and rude support.,negative
"Do not buy this, completely useless.",negative
Poor packaging and defective item.,negative
"Horrible product, regret buying it.",negative
Stopped working immediately.,negative
Bad smell and cheap materials.,negative
Customer service ignored my emails.,negative
The worst purchase this year.,negative
Frustrating to use and unreliable.,negative
Low quality and overpriced.,negative
Arrived damaged and delayed.,negative
Totally disappointed with the result.,negative
Not worth the cost at all.,negative
Feels fragile and poorly made.,negative
I want a refund as soon as possible.,negative
Annoying issues from day one.,negative
Misleading description and bad fit.,negative
Would never recommend this to anyone.,negative
I hate this product.,negative
I hate this product so much.,negative
I really hate this item.,negative
I hate it and want my money back.,negative
This product is awful and I hate it.,negative
I dislike this product a lot.,negative
I do not like this product at all.,negative
This product is bad and disappointing.,negative
"Terrible product, I hate using it.",negative
I hate everything about this product.,negative
This is a bad product.,negative
"Very bad product, do not buy.",negative
I am angry about this product.,negative
This product ruined my day.,negative
"Useless product, total garbage.",negative
I regret buying this product.,negative
Worst product I have ever owned.,negative
This product is trash.,negative
I cannot stand this product.,negative
"Disgusting quality, hate it.",negative
